[['中国海军,开普敦,南非']]
[['中国海军,开普敦,南非']]
[['中国海军,开普敦,南非']]
[['中国海军,开普敦,南非']]
[['中国海军,开普敦,南非']]
[['中国海军,开普敦,南非']]
[['中国海军,开普敦,南非']]
[['中国海军,开普敦,南非']]
[['中国海军,开普敦,南非']]
[['中国海军,开普敦,南非']]
[['中国海军,开普敦,南非']]
[['中国海军,开普敦,南非']]
[['中国海军,开普敦,南非']]
[['中国海军,开普敦,南非']]
[['中国海军,开普敦,南非']]
[['中国海军,开普敦,南非']]
[['中国海军,开普敦,南非']]
[['中国海军,开普敦,南非']]
[['中国海军,开普敦,南非']]
[['中国海军,开普敦,南非']]
[['中国海军,开普敦,南非']]
[['中国海军,开普敦,南非']]
[['中国海军,开普敦,南非']]
[['中国海军,开普敦,南非']]
[['中国海军,开普敦,南非']]
[['中国海军,开普敦,南非']]
[['中国海军,开普敦,南非']]
[['中国海军,开普敦,南非']]
[['中国海军,开普敦,南非']]
[['中国海军,开普敦,南非']]
[['中国海军,开普敦,南非']]
[['中国海军,开普敦,南非']]
[['中国海军,开普敦,南非']]
[['中国海军,开普敦,南非']]
[['中国海军,开普敦,南非']]
[['中国海军,开普敦,南非']]
[['中国海军,开普敦,南非']]
[['中国海军,开普敦,南非']]
[['中国海军,开普敦,南非']]
[['中国海军,开普敦,南非']]
[['中国海军,开普敦,南非']]
[['中国海军,开普敦,南非']]
[['中国海军,开普敦,南非']]
[['中国海军,开普敦,南非']]
[['中国海军,开普敦,南非']]
[['中国海军,开普敦,南非']]
[['中国海军,开普敦,南非']]
[['中国海军,开普敦,南非']]
[['中国海军,开普敦,南非']]
[['中国海军,开普敦,南非']]
[['中国海军,开普敦,南非']]
[['中国海军,开普敦,南非']]
[['中国海军,开普敦,南非']]
[['中国海军,开普敦,南非']]
[['中国海军,开普敦,南非']]
[['中国海军,开普敦,南非']]
[['中国海军,开普敦,南非']]
[['中国海军,开普敦,南非']]
[['中国海军,开普敦,南非']]
[['中国海军,开普敦,南非']]
[['中国海军,开普敦,南非']]
[['中国海军,开普敦,南非']]
[['中国海军,开普敦,南非']]
[['中国海军,开普敦,南非']]
[['中国海军,开普敦,南非']]
[['中国海军,开普敦,南非']]
[['中国海军,开普敦,南非']]
[['中国海军,开普敦,南非']]
[['中国海军,开普敦,南非']]
[['中国海军,开普敦,南非']]
[['中国海军,开普敦,南非']]
[['中国海军,开普敦,南非']]
[['中国海军,开普敦,南非']]
[['中国海军,开普敦,南非']]
[['中国海军,开普敦,南非']]
[['中国海军,开普敦,南非']]
[['中国海军,开普敦,南非']]
[['中国海军,开普敦,南非']]
[['中国海军,开普敦,南非']]
[['中国海军,开普敦,南非']]
[['中国海军,开普敦,南非']]
[['中国海军,开普敦,南非']]
[['中国海军,开普敦,南非']]
[['中国海军,开普敦,南非']]
[['中国海军,开普敦,南非']]
[['中国海军,开普敦,南非']]
[['中国海军,开普敦,南非']]
[['中国海军,开普敦,南非']]
[['中国海军,开普敦,南非']]
[['中国海军,开普敦,南非']]
[['中国海军,开普敦,南非']]
[['中国海军,开普敦,南非']]
[['中国海军,开普敦,南非']]
[['中国海军,开普敦,南非']]
[['中国海军,开普敦,南非']]
[['中国海军,开普敦,南非']]
[['中国海军,开普敦,南非']]
[['中国海军,开普敦,南非']]
[['中国海军,开普敦,南非']]
[['中国海军,开普敦,南非']]
[['中国海军,开普敦,南非']]
[['中国海军,开普敦,南非']]
[['中国海军,开普敦,南非']]
[['中国海军,开普敦,南非']]
[['中国海军,开普敦,南非']]
[['中国海军,开普敦,南非']]
[['中国海军,开普敦,南非']]
[['中国海军,开普敦,南非']]
[['中国海军,开普敦,南非']]
[['中国海军,开普敦,南非']]
[['中国海军,开普敦,南非']]
[['中国海军,开普敦,南非']]
[['中国海军,开普敦,南非']]
[['中国海军,开普敦,南非']]
[['中国海军,开普敦,南非']]
[['中国海军,开普敦,南非']]
[['中国海军,开普敦,南非']]
[['中国海军,开普敦,南非']]
[['中国海军,开普敦,南非']]
[['中国海军,开普敦,南非']]
[['中国海军,开普敦,南非']]
[['中国海军,开普敦,南非']]
[['中国海军,开普敦,南非']]
[['中国海军,开普敦,南非']]
[['中国海军,开普敦,南非']]
[['中国海军,开普敦,南非']]
[['中国海军,开普敦,南非']]
[['中国海军,开普敦,南非']]
[['中国海军,开普敦,南非']]
[['中国海军,开普敦,南非']]
[['中国海军,开普敦,南非']]
[['中国海军,开普敦,南非']]
[['中国海军,开普敦,南非']]
[['中国海军,开普敦,南非']]
[['中国海军,开普敦,南非']]
[['中国海军,开普敦,南非']]
[['中国海军,开普敦,南非']]
[['中国海军,开普敦,南非']]
[['中国海军,开普敦,南非']]
[['中国海军,开普敦,南非']]
[['中国海军,开普敦,南非']]
[['中国海军,开普敦,南非']]
[['中国海军,开普敦,南非']]
[['中国海军,开普敦,南非']]
[['中国海军,开普敦,南非']]
[['中国海军,开普敦,南非']]
[['中国海军,开普敦,南非']]
[['中国海军,开普敦,南非']]
[['中国海军,开普敦,南非']]
[['中国海军,开普敦,南非']]
[['中国海军,开普敦,南非']]
[['中国海军,开普敦,南非']]
[['中国海军,开普敦,南非']]
[['中国海军,开普敦,南非']]
[['中国海军,开普敦,南非']]
[['中国海军,开普敦,南非']]
[['中国海军,开普敦,南非']]
[['中国海军,开普敦,南非']]
[['中国海军,开普敦,南非']]
[['中国海军,开普敦,南非']]
[['中国海军,开普敦,南非']]
[['中国海军,开普敦,南非']]
[['中国海军,开普敦,南非']]
[['中国海军,开普敦,南非']]
[['中国海军,开普敦,南非']]
[['中国海军,开普敦,南非']]
[['中国海军,开普敦,南非']]
[['中国海军,开普敦,南非']]
[['中国海军,开普敦,南非']]
